0000.jpg,airplane
0001.jpg,airplane
0002.jpg,airplane
0003.jpg,airplane
0004.jpg,airplane
0005.jpg,airplane
0006.jpg,airplane
0007.jpg,airplane
0008.jpg,airplane
0009.jpg,airplane
0010.jpg,airplane
0011.jpg,airplane
0012.jpg,airplane
0013.jpg,airplane
0014.jpg,airplane
0015.jpg,airplane
0016.jpg,airplane
0017.jpg,airplane
0018.jpg,airplane
0019.jpg,airplane
0020.jpg,airplane
0021.jpg,airplane
0022.jpg,airplane
0023.jpg,airplane
0024.jpg,airplane
0025.jpg,airplane
0026.jpg,airplane
0027.jpg,airplane
0028.jpg,airplane
0029.jpg,airplane
0030.jpg,airplane
0031.jpg,airplane
0032.jpg,airplane
0033.jpg,airplane
0034.jpg,airplane
0035.jpg,airplane
0036.jpg,airplane
0037.jpg,airplane
0038.jpg,airplane
0039.jpg,airplane
0040.jpg,airplane
0041.jpg,airplane
0042.jpg,airplane
0043.jpg,airplane
0044.jpg,airplane
0045.jpg,airplane
0046.jpg,airplane
0047.jpg,airplane
0048.jpg,airplane
0049.jpg,airplane
0050.jpg,airplane
0051.jpg,airplane
0052.jpg,airplane
0053.jpg,airplane
0054.jpg,airplane
0055.jpg,airplane
0056.jpg,airplane
0057.jpg,airplane
0058.jpg,airplane
0059.jpg,airplane
0060.jpg,airplane
0061.jpg,airplane
0062.jpg,airplane
0063.jpg,airplane
0064.jpg,airplane
0065.jpg,airplane
0066.jpg,airplane
0067.jpg,airplane
0068.jpg,airplane
0069.jpg,airplane
0070.jpg,airplane
0071.jpg,airplane
0072.jpg,airplane
0073.jpg,airplane
0074.jpg,airplane
0075.jpg,airplane
0076.jpg,airplane
0077.jpg,airplane
0078.jpg,airplane
0079.jpg,airplane
0080.jpg,airplane
0081.jpg,airplane
0082.jpg,airplane
0083.jpg,airplane
0084.jpg,airplane
0085.jpg,airplane
0086.jpg,airplane
0087.jpg,airplane
0088.jpg,airplane
0089.jpg,airplane
0090.jpg,airplane
0091.jpg,airplane
0092.jpg,airplane
0093.jpg,airplane
0094.jpg,airplane
0095.jpg,airplane
0096.jpg,airplane
0097.jpg,airplane
0098.jpg,airplane
0099.jpg,airplane
0100.jpg,airplane
0101.jpg,airplane
0102.jpg,airplane
0103.jpg,airplane
0104.jpg,airplane
0105.jpg,airplane
0106.jpg,airplane
0107.jpg,airplane
0108.jpg,airplane
0109.jpg,airplane
0110.jpg,airplane
0111.jpg,airplane
0112.jpg,airplane
0113.jpg,airplane
0114.jpg,airplane
0115.jpg,airplane
0116.jpg,airplane
0117.jpg,airplane
0118.jpg,airplane
0119.jpg,airplane
0120.jpg,airplane
0121.jpg,airplane
0122.jpg,airplane
0123.jpg,airplane
0124.jpg,airplane
0125.jpg,airplane
0126.jpg,airplane
0127.jpg,airplane
0128.jpg,airplane
0129.jpg,airplane
0130.jpg,airplane
0131.jpg,airplane
0132.jpg,airplane
0133.jpg,airplane
0134.jpg,airplane
0135.jpg,airplane
0136.jpg,airplane
0137.jpg,airplane
0138.jpg,airplane
0139.jpg,airplane
0140.jpg,airplane
0141.jpg,airplane
0142.jpg,airplane
0143.jpg,airplane
0144.jpg,airplane
0145.jpg,airplane
0146.jpg,airplane
0147.jpg,airplane
0148.jpg,airplane
0149.jpg,airplane
0150.jpg,airplane
0151.jpg,airplane
0152.jpg,airplane
0153.jpg,airplane
0154.jpg,airplane
0155.jpg,airplane
0156.jpg,airplane
0157.jpg,airplane
0158.jpg,airplane
0159.jpg,airplane
0160.jpg,airplane
0161.jpg,airplane
0162.jpg,airplane
0163.jpg,airplane
0164.jpg,airplane
0165.jpg,airplane
0166.jpg,airplane
0167.jpg,airplane
0168.jpg,airplane
0169.jpg,airplane
0170.jpg,airplane
0171.jpg,airplane
0172.jpg,airplane
0173.jpg,airplane
0174.jpg,airplane
0175.jpg,airplane
0176.jpg,airplane
0177.jpg,airplane
0178.jpg,airplane
0179.jpg,airplane
0180.jpg,airplane
0181.jpg,airplane
0182.jpg,airplane
0183.jpg,airplane
0184.jpg,airplane
0185.jpg,airplane
0186.jpg,airplane
0187.jpg,airplane
0188.jpg,airplane
0189.jpg,airplane
0190.jpg,airplane
0191.jpg,airplane
0192.jpg,airplane
0193.jpg,airplane
0194.jpg,airplane
0195.jpg,airplane
0196.jpg,airplane
0197.jpg,airplane
0198.jpg,airplane
0199.jpg,airplane
0200.jpg,airplane
0201.jpg,airplane
0202.jpg,airplane
0203.jpg,airplane
0204.jpg,airplane
0205.jpg,airplane
0206.jpg,airplane
0207.jpg,airplane
0208.jpg,airplane
0209.jpg,airplane
0210.jpg,airplane
0211.jpg,airplane
0212.jpg,airplane
0213.jpg,airplane
0214.jpg,airplane
0215.jpg,airplane
0216.jpg,airplane
0217.jpg,airplane
0218.jpg,airplane
0219.jpg,airplane
0220.jpg,airplane
0221.jpg,airplane
0222.jpg,airplane
0223.jpg,airplane
0224.jpg,airplane
0225.jpg,airplane
0226.jpg,airplane
0227.jpg,airplane
0228.jpg,airplane
0229.jpg,airplane
0230.jpg,airplane
0231.jpg,airplane
0232.jpg,airplane
0233.jpg,airplane
0234.jpg,airplane
0235.jpg,airplane
0236.jpg,airplane
0237.jpg,airplane
0238.jpg,airplane
0239.jpg,airplane
0240.jpg,airplane
0241.jpg,airplane
0242.jpg,airplane
0243.jpg,airplane
0244.jpg,airplane
0245.jpg,airplane
0246.jpg,airplane
0247.jpg,airplane
0248.jpg,airplane
0249.jpg,airplane
0250.jpg,airplane
0251.jpg,airplane
0252.jpg,airplane
0253.jpg,airplane
0254.jpg,airplane
0255.jpg,airplane
0256.jpg,airplane
0257.jpg,airplane
0258.jpg,airplane
0259.jpg,airplane
0260.jpg,airplane
0261.jpg,airplane
0262.jpg,airplane
0263.jpg,airplane
0264.jpg,airplane
0265.jpg,airplane
0266.jpg,airplane
0267.jpg,airplane
0268.jpg,airplane
0269.jpg,airplane
0270.jpg,airplane
0271.jpg,airplane
0272.jpg,airplane
0273.jpg,airplane
0274.jpg,airplane
0275.jpg,airplane
0276.jpg,airplane
0277.jpg,airplane
0278.jpg,airplane
0279.jpg,airplane
0280.jpg,airplane
0281.jpg,airplane
0282.jpg,airplane
0283.jpg,airplane
0284.jpg,airplane
0285.jpg,airplane
0286.jpg,airplane
0287.jpg,airplane
0288.jpg,airplane
0289.jpg,airplane
0290.jpg,airplane
0291.jpg,airplane
0292.jpg,airplane
0293.jpg,airplane
0294.jpg,airplane
0295.jpg,airplane
0296.jpg,airplane
0297.jpg,airplane
0298.jpg,airplane
0299.jpg,airplane
0300.jpg,airplane
0301.jpg,airplane
0302.jpg,airplane
0303.jpg,airplane
0304.jpg,airplane
0305.jpg,airplane
0306.jpg,airplane
0307.jpg,airplane
0308.jpg,airplane
0309.jpg,airplane
0310.jpg,airplane
0311.jpg,airplane
0312.jpg,airplane
0313.jpg,airplane
0314.jpg,airplane
0315.jpg,airplane
0316.jpg,airplane
0317.jpg,airplane
0318.jpg,airplane
0319.jpg,airplane
0320.jpg,airplane
0321.jpg,airplane
0322.jpg,airplane
0323.jpg,airplane
0324.jpg,airplane
0325.jpg,airplane
0326.jpg,airplane
0327.jpg,airplane
0328.jpg,airplane
0329.jpg,airplane
0330.jpg,airplane
0331.jpg,airplane
0332.jpg,airplane
0333.jpg,airplane
0334.jpg,airplane
0335.jpg,airplane
0336.jpg,airplane
0337.jpg,airplane
0338.jpg,airplane
0339.jpg,airplane
0340.jpg,airplane
0341.jpg,airplane
0342.jpg,airplane
0343.jpg,airplane
0344.jpg,airplane
0345.jpg,airplane
0346.jpg,airplane
0347.jpg,airplane
0348.jpg,airplane
0349.jpg,airplane
0350.jpg,airplane
0351.jpg,airplane
0352.jpg,airplane
0353.jpg,airplane
0354.jpg,airplane
0355.jpg,airplane
0356.jpg,airplane
0357.jpg,airplane
0358.jpg,airplane
0359.jpg,airplane
0360.jpg,airplane
0361.jpg,airplane
0362.jpg,airplane
0363.jpg,airplane
0364.jpg,airplane
0365.jpg,airplane
0366.jpg,airplane
0367.jpg,airplane
0368.jpg,airplane
0369.jpg,airplane
0370.jpg,airplane
0371.jpg,airplane
0372.jpg,airplane
0373.jpg,airplane
0374.jpg,airplane
0375.jpg,airplane
0376.jpg,airplane
0377.jpg,airplane
0378.jpg,airplane
0379.jpg,airplane
0380.jpg,airplane
0381.jpg,airplane
0382.jpg,airplane
0383.jpg,airplane
0384.jpg,airplane
0385.jpg,airplane
0386.jpg,airplane
0387.jpg,airplane
0388.jpg,airplane
0389.jpg,airplane
0390.jpg,airplane
0391.jpg,airplane
0392.jpg,airplane
0393.jpg,airplane
0394.jpg,airplane
0395.jpg,airplane
0396.jpg,airplane
0397.jpg,airplane
0398.jpg,airplane
0399.jpg,airplane
0400.jpg,airplane
0401.jpg,airplane
0402.jpg,airplane
0403.jpg,airplane
0404.jpg,airplane
0405.jpg,airplane
0406.jpg,airplane
0407.jpg,airplane
0408.jpg,airplane
0409.jpg,airplane
0410.jpg,airplane
0411.jpg,airplane
0412.jpg,airplane
0413.jpg,airplane
0414.jpg,airplane
0415.jpg,airplane
0416.jpg,airplane
0417.jpg,airplane
0418.jpg,airplane
0419.jpg,airplane
0420.jpg,airplane
0421.jpg,airplane
0422.jpg,airplane
0423.jpg,airplane
0424.jpg,airplane
0425.jpg,airplane
0426.jpg,airplane
0427.jpg,airplane
0428.jpg,airplane
0429.jpg,airplane
0430.jpg,airplane
0431.jpg,airplane
0432.jpg,airplane
0433.jpg,airplane
0434.jpg,airplane
0435.jpg,airplane
0436.jpg,airplane
0437.jpg,airplane
0438.jpg,airplane
0439.jpg,airplane
0440.jpg,airplane
0441.jpg,airplane
0442.jpg,airplane
0443.jpg,airplane
0444.jpg,airplane
0445.jpg,airplane
0446.jpg,airplane
0447.jpg,airplane
0448.jpg,airplane
0449.jpg,airplane
0450.jpg,airplane
0451.jpg,airplane
0452.jpg,airplane
0453.jpg,airplane
0454.jpg,airplane
0455.jpg,airplane
0456.jpg,airplane
0457.jpg,airplane
0458.jpg,airplane
0459.jpg,airplane
0460.jpg,airplane
0461.jpg,airplane
0462.jpg,airplane
0463.jpg,airplane
0464.jpg,airplane
0465.jpg,airplane
0466.jpg,airplane
0467.jpg,airplane
0468.jpg,airplane
0469.jpg,airplane
0470.jpg,airplane
0471.jpg,airplane
0472.jpg,airplane
0473.jpg,airplane
0474.jpg,airplane
0475.jpg,airplane
0476.jpg,airplane
0477.jpg,airplane
0478.jpg,airplane
0479.jpg,airplane
0480.jpg,airplane
0481.jpg,airplane
0482.jpg,airplane
0483.jpg,airplane
0484.jpg,airplane
0485.jpg,airplane
0486.jpg,airplane
0487.jpg,airplane
0488.jpg,airplane
0489.jpg,airplane
0490.jpg,airplane
0491.jpg,airplane
0492.jpg,airplane
0493.jpg,airplane
0494.jpg,airplane
0495.jpg,airplane
0496.jpg,airplane
0497.jpg,airplane
0498.jpg,airplane
0499.jpg,airplane
0500.jpg,airplane
0501.jpg,airplane
0502.jpg,airplane
0503.jpg,airplane
0504.jpg,airplane
0505.jpg,airplane
0506.jpg,airplane
0507.jpg,airplane
0508.jpg,airplane
0509.jpg,airplane
0510.jpg,airplane
0511.jpg,airplane
0512.jpg,airplane
0513.jpg,airplane
0514.jpg,airplane
0515.jpg,airplane
0516.jpg,airplane
0517.jpg,airplane
0518.jpg,airplane
0519.jpg,airplane
0520.jpg,airplane
0521.jpg,airplane
0522.jpg,airplane
0523.jpg,airplane
0524.jpg,airplane
0525.jpg,airplane
0526.jpg,airplane
0527.jpg,airplane
0528.jpg,airplane
0529.jpg,airplane
0530.jpg,airplane
0531.jpg,airplane
0532.jpg,airplane
0533.jpg,airplane
0534.jpg,airplane
0535.jpg,airplane
0536.jpg,airplane
0537.jpg,airplane
0538.jpg,airplane
0539.jpg,airplane
0540.jpg,airplane
0541.jpg,airplane
0542.jpg,airplane
0543.jpg,airplane
0544.jpg,airplane
0545.jpg,airplane
0546.jpg,airplane
0547.jpg,airplane
0548.jpg,airplane
0549.jpg,airplane
0550.jpg,airplane
0551.jpg,airplane
0552.jpg,airplane
0553.jpg,airplane
0554.jpg,airplane
0555.jpg,airplane
0556.jpg,airplane
0557.jpg,airplane
0558.jpg,airplane
0559.jpg,airplane
0560.jpg,airplane
0561.jpg,airplane
0562.jpg,airplane
0563.jpg,airplane
0564.jpg,airplane
0565.jpg,airplane
0566.jpg,airplane
0567.jpg,airplane
0568.jpg,airplane
0569.jpg,airplane
0570.jpg,airplane
0571.jpg,airplane
0572.jpg,airplane
0573.jpg,airplane
0574.jpg,airplane
0575.jpg,airplane
0576.jpg,airplane
0577.jpg,airplane
0578.jpg,airplane
0579.jpg,airplane
0580.jpg,airplane
0581.jpg,airplane
0582.jpg,airplane
0583.jpg,airplane
0584.jpg,airplane
0585.jpg,airplane
0586.jpg,airplane
0587.jpg,airplane
0588.jpg,airplane
0589.jpg,airplane
0590.jpg,airplane
0591.jpg,airplane
0592.jpg,airplane
0593.jpg,airplane
0594.jpg,airplane
0595.jpg,airplane
0596.jpg,airplane
0597.jpg,airplane
0598.jpg,airplane
0599.jpg,airplane
0600.jpg,airplane
0601.jpg,airplane
0602.jpg,airplane
0603.jpg,airplane
0604.jpg,airplane
0605.jpg,airplane
0606.jpg,airplane
0607.jpg,airplane
0608.jpg,airplane
0609.jpg,airplane
0610.jpg,airplane
0611.jpg,airplane
0612.jpg,airplane
0613.jpg,airplane
0614.jpg,airplane
0615.jpg,airplane
0616.jpg,airplane
0617.jpg,airplane
0618.jpg,airplane
0619.jpg,airplane
0620.jpg,airplane
0621.jpg,airplane
0622.jpg,airplane
0623.jpg,airplane
0624.jpg,airplane
0625.jpg,airplane
0626.jpg,airplane
0627.jpg,airplane
0628.jpg,airplane
0629.jpg,airplane
0630.jpg,airplane
0631.jpg,airplane
0632.jpg,airplane
0633.jpg,airplane
0634.jpg,airplane
0635.jpg,airplane
0636.jpg,airplane
0637.jpg,airplane
0638.jpg,airplane
0639.jpg,airplane
0640.jpg,airplane
0641.jpg,airplane
0642.jpg,airplane
0643.jpg,airplane
0644.jpg,airplane
0645.jpg,airplane
0646.jpg,airplane
0647.jpg,airplane
0648.jpg,airplane
0649.jpg,airplane
0650.jpg,airplane
0651.jpg,airplane
0652.jpg,airplane
0653.jpg,airplane
0654.jpg,airplane
0655.jpg,airplane
0656.jpg,airplane
0657.jpg,airplane
0658.jpg,airplane
0659.jpg,airplane
0660.jpg,airplane
0661.jpg,airplane
0662.jpg,airplane
0663.jpg,airplane
0664.jpg,airplane
0665.jpg,airplane
0666.jpg,airplane
0667.jpg,airplane
0668.jpg,airplane
0669.jpg,airplane
0670.jpg,airplane
0671.jpg,airplane
0672.jpg,airplane
0673.jpg,airplane
0674.jpg,airplane
0675.jpg,airplane
0676.jpg,airplane
0677.jpg,airplane
0678.jpg,airplane
0679.jpg,airplane
0680.jpg,airplane
0681.jpg,airplane
0682.jpg,airplane
0683.jpg,airplane
0684.jpg,airplane
0685.jpg,airplane
0686.jpg,airplane
0687.jpg,airplane
0688.jpg,airplane
0689.jpg,airplane
0690.jpg,airplane
0691.jpg,airplane
0692.jpg,airplane
0693.jpg,airplane
0694.jpg,airplane
0695.jpg,airplane
0696.jpg,airplane
0697.jpg,airplane
0698.jpg,airplane
0699.jpg,airplane
0700.jpg,airplane
0701.jpg,airplane
0702.jpg,airplane
0703.jpg,airplane
0704.jpg,airplane
0705.jpg,airplane
0706.jpg,airplane
0707.jpg,airplane
0708.jpg,airplane
0709.jpg,airplane
0710.jpg,airplane
0711.jpg,airplane
0712.jpg,airplane
0713.jpg,airplane
0714.jpg,airplane
0715.jpg,airplane
0716.jpg,airplane
0717.jpg,airplane
0718.jpg,airplane
0719.jpg,airplane
0720.jpg,airplane
0721.jpg,airplane
0722.jpg,airplane
0723.jpg,airplane
0724.jpg,airplane
0725.jpg,airplane
0726.jpg,airplane
0727.jpg,airplane
0728.jpg,airplane
0729.jpg,airplane
0730.jpg,airplane
0731.jpg,airplane
0732.jpg,airplane
0733.jpg,airplane
0734.jpg,airplane
0735.jpg,airplane
0736.jpg,airplane
0737.jpg,airplane
0738.jpg,airplane
0739.jpg,airplane
0740.jpg,airplane
0741.jpg,airplane
0742.jpg,airplane
0743.jpg,airplane
0744.jpg,airplane
0745.jpg,airplane
0746.jpg,airplane
0747.jpg,airplane
0748.jpg,airplane
0749.jpg,airplane
0750.jpg,airplane
0751.jpg,airplane
0752.jpg,airplane
0753.jpg,airplane
0754.jpg,airplane
0755.jpg,airplane
0756.jpg,airplane
0757.jpg,airplane
0758.jpg,airplane
0759.jpg,airplane
0760.jpg,airplane
0761.jpg,airplane
0762.jpg,airplane
0763.jpg,airplane
0764.jpg,airplane
0765.jpg,airplane
0766.jpg,airplane
0767.jpg,airplane
0768.jpg,airplane
0769.jpg,airplane
0770.jpg,airplane
0771.jpg,airplane
0772.jpg,airplane
0773.jpg,airplane
0774.jpg,airplane
0775.jpg,airplane
0776.jpg,airplane
0777.jpg,airplane
0778.jpg,airplane
0779.jpg,airplane
0780.jpg,airplane
0781.jpg,airplane
0782.jpg,airplane
0783.jpg,airplane
0784.jpg,airplane
0785.jpg,airplane
0786.jpg,airplane
0787.jpg,airplane
0788.jpg,airplane
0789.jpg,airplane
0790.jpg,airplane
0791.jpg,airplane
0792.jpg,airplane
0793.jpg,airplane
0794.jpg,airplane
0795.jpg,airplane
0796.jpg,airplane
0797.jpg,airplane
0798.jpg,airplane
0799.jpg,airplane
0800.jpg,airplane
0801.jpg,airplane
0802.jpg,airplane
0803.jpg,airplane
0804.jpg,airplane
0805.jpg,airplane
0806.jpg,airplane
0807.jpg,airplane
0808.jpg,airplane
0809.jpg,airplane
0810.jpg,airplane
0811.jpg,airplane
0812.jpg,airplane
0813.jpg,airplane
0814.jpg,airplane
0815.jpg,airplane
0816.jpg,airplane
0817.jpg,airplane
0818.jpg,airplane
0819.jpg,airplane
0820.jpg,airplane
0821.jpg,airplane
0822.jpg,airplane
0823.jpg,airplane
0824.jpg,airplane
0825.jpg,airplane
0826.jpg,airplane
0827.jpg,airplane
0828.jpg,airplane
0829.jpg,airplane
0830.jpg,airplane
0831.jpg,airplane
0832.jpg,airplane
0833.jpg,airplane
0834.jpg,airplane
0835.jpg,airplane
0836.jpg,airplane
0837.jpg,airplane
0838.jpg,airplane
0839.jpg,airplane
0840.jpg,airplane
0841.jpg,airplane
0842.jpg,airplane
0843.jpg,airplane
0844.jpg,airplane
0845.jpg,airplane
0846.jpg,airplane
0847.jpg,airplane
0848.jpg,airplane
0849.jpg,airplane
0850.jpg,airplane
0851.jpg,airplane
0852.jpg,airplane
0853.jpg,airplane
0854.jpg,airplane
0855.jpg,airplane
0856.jpg,airplane
0857.jpg,airplane
0858.jpg,airplane
0859.jpg,airplane
0860.jpg,airplane
0861.jpg,airplane
0862.jpg,airplane
0863.jpg,airplane
0864.jpg,airplane
0865.jpg,airplane
0866.jpg,airplane
0867.jpg,airplane
0868.jpg,airplane
0869.jpg,airplane
0870.jpg,airplane
0871.jpg,airplane
0872.jpg,airplane
0873.jpg,airplane
0874.jpg,airplane
0875.jpg,airplane
0876.jpg,airplane
0877.jpg,airplane
0878.jpg,airplane
0879.jpg,airplane
0880.jpg,airplane
0881.jpg,airplane
0882.jpg,airplane
0883.jpg,airplane
0884.jpg,airplane
0885.jpg,airplane
0886.jpg,airplane
0887.jpg,airplane
0888.jpg,airplane
0889.jpg,airplane
0890.jpg,airplane
0891.jpg,airplane
0892.jpg,airplane
0893.jpg,airplane
0894.jpg,airplane
0895.jpg,airplane
0896.jpg,airplane
0897.jpg,airplane
0898.jpg,airplane
0899.jpg,airplane
0900.jpg,airplane
0901.jpg,airplane
0902.jpg,airplane
0903.jpg,airplane
0904.jpg,airplane
0905.jpg,airplane
0906.jpg,airplane
0907.jpg,airplane
0908.jpg,airplane
0909.jpg,airplane
0910.jpg,airplane
0911.jpg,airplane
0912.jpg,airplane
0913.jpg,airplane
0914.jpg,airplane
0915.jpg,airplane
0916.jpg,airplane
0917.jpg,airplane
0918.jpg,airplane
0919.jpg,airplane
0920.jpg,airplane
0921.jpg,airplane
0922.jpg,airplane
0923.jpg,airplane
0924.jpg,airplane
0925.jpg,airplane
0926.jpg,airplane
0927.jpg,airplane
0928.jpg,airplane
0929.jpg,airplane
0930.jpg,airplane
0931.jpg,airplane
0932.jpg,airplane
0933.jpg,airplane
0934.jpg,airplane
0935.jpg,airplane
0936.jpg,airplane
0937.jpg,airplane
0938.jpg,airplane
0939.jpg,airplane
0940.jpg,airplane
0941.jpg,airplane
0942.jpg,airplane
0943.jpg,airplane
0944.jpg,airplane
0945.jpg,airplane
0946.jpg,airplane
0947.jpg,airplane
0948.jpg,airplane
0949.jpg,airplane
0950.jpg,airplane
0951.jpg,airplane
0952.jpg,airplane
0953.jpg,airplane
0954.jpg,airplane
0955.jpg,airplane
0956.jpg,airplane
0957.jpg,airplane
0958.jpg,airplane
0959.jpg,airplane
0960.jpg,airplane
0961.jpg,airplane
0962.jpg,airplane
0963.jpg,airplane
0964.jpg,airplane
0965.jpg,airplane
0966.jpg,airplane
0967.jpg,airplane
0968.jpg,airplane
0969.jpg,airplane
0970.jpg,airplane
0971.jpg,airplane
0972.jpg,airplane
0973.jpg,airplane
0974.jpg,airplane
0975.jpg,airplane
0976.jpg,airplane
0977.jpg,airplane
0978.jpg,airplane
0979.jpg,airplane
0980.jpg,airplane
0981.jpg,airplane
0982.jpg,airplane
0983.jpg,airplane
0984.jpg,airplane
0985.jpg,airplane
0986.jpg,airplane
0987.jpg,airplane
0988.jpg,airplane
0989.jpg,airplane
0990.jpg,airplane
0991.jpg,airplane
0992.jpg,airplane
0993.jpg,airplane
0994.jpg,airplane
0995.jpg,airplane
0996.jpg,airplane
0997.jpg,airplane
0998.jpg,airplane
0999.jpg,airplane
